{
  "numeric_columns": [
    "PassengerId",
    "Survived",
    "Pclass",
    "Age",
    "SibSp",
    "Parch",
    "Fare"
  ],
  "statistics": {
    "PassengerId": {
      "count": 891,
      "null_count": 0,
      "null_percentage": 0.0,
      "min": 1.0,
      "max": 891.0,
      "mean": 446.0,
      "median": 446.0,
      "std": 257.3538420152301,
      "var": 66231.0,
      "sum": 397386.0,
      "q1": 223.5,
      "q2": 446.0,
      "q3": 668.5,
      "iqr": 445.0,
      "percentile_5": 45.5,
      "percentile_95": 846.5,
      "percentile_99": 882.1,
      "skewness": 0.0,
      "kurtosis": -1.1999999999999997,
      "skewness_interpretation": "distribution approximativement symétrique",
      "kurtosis_interpretation": "distribution aplatie (queues fines)"
    },
    "Survived": {
      "count": 891,
      "null_count": 0,
      "null_percentage": 0.0,
      "min": 0.0,
      "max": 1.0,
      "mean": 0.3838383838383838,
      "median": 0.0,
      "std": 0.4865924542648575,
      "var": 0.23677221654749742,
      "sum": 342.0,
      "q1": 0.0,
      "q2": 0.0,
      "q3": 1.0,
      "iqr": 1.0,
      "percentile_5": 0.0,
      "percentile_95": 1.0,
      "percentile_99": 1.0,
      "skewness": 0.4785234382949897,
      "kurtosis": -1.775004671066304,
      "skewness_interpretation": "distribution approximativement symétrique",
      "kurtosis_interpretation": "distribution aplatie (queues fines)"
    },
    "Pclass": {
      "count": 891,
      "null_count": 0,
      "null_percentage": 0.0,
      "min": 1.0,
      "max": 3.0,
      "mean": 2.308641975308642,
      "median": 3.0,
      "std": 0.836071240977049,
      "var": 0.6990151199889028,
      "sum": 2057.0,
      "q1": 2.0,
      "q2": 3.0,
      "q3": 3.0,
      "iqr": 1.0,
      "percentile_5": 1.0,
      "percentile_95": 3.0,
      "percentile_99": 3.0,
      "skewness": -0.6305479068752845,
      "kurtosis": -1.2800149715782825,
      "skewness_interpretation": "asymétrie négative modérée",
      "kurtosis_interpretation": "distribution aplatie (queues fines)"
    },
    "Age": {
      "count": 714,
      "null_count": 177,
      "null_percentage": 19.87,
      "min": 0.42,
      "max": 80.0,
      "mean": 29.69911764705882,
      "median": 28.0,
      "std": 14.526497332334042,
      "var": 211.01912474630805,
      "sum": 21205.17,
      "q1": 20.125,
      "q2": 28.0,
      "q3": 38.0,
      "iqr": 17.875,
      "percentile_5": 4.0,
      "percentile_95": 56.0,
      "percentile_99": 65.87,
      "skewness": 0.38910778230082693,
      "kurtosis": 0.1782741536421022,
      "skewness_interpretation": "distribution approximativement symétrique",
      "kurtosis_interpretation": "distribution aplatie (queues fines)"
    },
    "SibSp": {
      "count": 891,
      "null_count": 0,
      "null_percentage": 0.0,
      "min": 0.0,
      "max": 8.0,
      "mean": 0.5230078563411896,
      "median": 0.0,
      "std": 1.1027434322934317,
      "var": 1.2160430774662985,
      "sum": 466.0,
      "q1": 0.0,
      "q2": 0.0,
      "q3": 1.0,
      "iqr": 1.0,
      "percentile_5": 0.0,
      "percentile_95": 3.0,
      "percentile_99": 5.0,
      "skewness": 3.6953517271630565,
      "kurtosis": 17.880419726645968,
      "skewness_interpretation": "forte asymétrie positive (queue à droite)",
      "kurtosis_interpretation": "distribution pointue (queues épaisses)"
    },
    "Parch": {
      "count": 891,
      "null_count": 0,
      "null_percentage": 0.0,
      "min": 0.0,
      "max": 6.0,
      "mean": 0.38159371492704824,
      "median": 0.0,
      "std": 0.8060572211299483,
      "var": 0.6497282437357343,
      "sum": 340.0,
      "q1": 0.0,
      "q2": 0.0,
      "q3": 0.0,
      "iqr": 0.0,
      "percentile_5": 0.0,
      "percentile_95": 2.0,
      "percentile_99": 4.0,
      "skewness": 2.7491170471010933,
      "kurtosis": 9.778125179021648,
      "skewness_interpretation": "forte asymétrie positive (queue à droite)",
      "kurtosis_interpretation": "distribution pointue (queues épaisses)"
    },
    "Fare": {
      "count": 891,
      "null_count": 0,
      "null_percentage": 0.0,
      "min": 0.0,
      "max": 512.3292,
      "mean": 32.204207968574636,
      "median": 14.4542,
      "std": 49.6934285971809,
      "var": 2469.436845743116,
      "sum": 28693.9493,
      "q1": 7.9104,
      "q2": 14.4542,
      "q3": 31.0,
      "iqr": 23.0896,
      "percentile_5": 7.225,
      "percentile_95": 112.07915,
      "percentile_99": 249.00622000000035,
      "skewness": 4.787316519674893,
      "kurtosis": 33.39814088089868,
      "skewness_interpretation": "forte asymétrie positive (queue à droite)",
      "kurtosis_interpretation": "distribution pointue (queues épaisses)"
    }
  },
  "summary": {
    "PassengerId": {
      "count": 891,
      "mean": 446.0,
      "std": 257.3538420152301,
      "min": 1.0,
      "25%": 223.5,
      "50%": 446.0,
      "75%": 668.5,
      "max": 891.0
    },
    "Survived": {
      "count": 891,
      "mean": 0.3838383838383838,
      "std": 0.4865924542648575,
      "min": 0.0,
      "25%": 0.0,
      "50%": 0.0,
      "75%": 1.0,
      "max": 1.0
    },
    "Pclass": {
      "count": 891,
      "mean": 2.308641975308642,
      "std": 0.836071240977049,
      "min": 1.0,
      "25%": 2.0,
      "50%": 3.0,
      "75%": 3.0,
      "max": 3.0
    },
    "Age": {
      "count": 714,
      "mean": 29.69911764705882,
      "std": 14.526497332334042,
      "min": 0.42,
      "25%": 20.125,
      "50%": 28.0,
      "75%": 38.0,
      "max": 80.0
    },
    "SibSp": {
      "count": 891,
      "mean": 0.5230078563411896,
      "std": 1.1027434322934317,
      "min": 0.0,
      "25%": 0.0,
      "50%": 0.0,
      "75%": 1.0,
      "max": 8.0
    },
    "Parch": {
      "count": 891,
      "mean": 0.38159371492704824,
      "std": 0.8060572211299483,
      "min": 0.0,
      "25%": 0.0,
      "50%": 0.0,
      "75%": 0.0,
      "max": 6.0
    },
    "Fare": {
      "count": 891,
      "mean": 32.204207968574636,
      "std": 49.6934285971809,
      "min": 0.0,
      "25%": 7.9104,
      "50%": 14.4542,
      "75%": 31.0,
      "max": 512.3292
    }
  },
  "data_types": {
    "int64": 5,
    "float64": 2,
    "object": 5
  },
  "shape_info": {
    "rows": 891,
    "columns": 12,
    "numeric_columns": 7,
    "non_numeric_columns": 5
  },
  "file_id": "9a84a459"
}